{
  "valve4": {
    "pos": {
      "x": -25.857,
      "y": 4.416,
      "z": 16.539
    },
    "rot": {
      "x": 90.0,
      "y": 0.0,
      "z": 0.0
    }
  },
  "valve3": {
    "pos": {
      "x": -25.19,
      "y": 4.416,
      "z": 16.539
    },
    "rot": {
      "x": 90.0,
      "y": 0.0,
      "z": 0.0
    }
  },
  "valve2": {
    "pos": {
      "x": -24.537,
      "y": 4.416,
      "z": 16.539
    },
    "rot": {
      "x": 90.0,
      "y": 0.0,
      "z": 0.0
    }
  },
  "valve1": {
    "pos": {
      "x": -23.857,
      "y": 4.416,
      "z": 16.539
    },
    "rot": {
      "x": 90.0,
      "y": 0.0,
      "z": 0.0
    }
  },
  "Lighter": {
    "pos": {
      "x": -51.07965,
      "y": 3.64666843,
      "z": 3.84476829
    },
    "rot": {
      "x": -5.122642E-06,
      "y": 270.49588,
      "z": 270.0
    }
  },
  "SitckyNote": {
    "pos": {
      "x": 1000.0,
      "y": 1000.0,
      "z": 1001.0
    },
    "rot": {
      "x": 34.9999962,
      "y": 21.0,
      "z": 5.21132563E-07
    }
  },
  "GeneratorScreen": {
    "pos": {
      "x": -60.10004,
      "y": 3.52919769,
      "z": 4.144806
    },
    "rot": {
      "x": -2.53323788E-06,
      "y": -3.78245375E-07,
      "z": 16.9845352
    }
  },
  "Reflector": {
    "pos": {
      "x": -51.2842,
      "y": 4.867,
      "z": 39.8706436
    },
    "rot": {
      "x": 0.0,
      "y": 89.99999,
      "z": 0.0
    }
  },
  "player": {
    "pos": {
      "x": -63.70439,
      "y": 2.622869,
      "z": 15.4426289
    },
    "rot": {
      "x": 0.0,
      "y": 346.6903,
      "z": 0.0
    },
    "items": [
      "SitckyNote",
      "JournalEntry4"
    ]
  },
  "PressureAudio": {
    "pos": {
      "x": -26.656,
      "y": 3.89,
      "z": 23.757
    },
    "rot": {
      "x": 0.0,
      "y": 0.0,
      "z": 0.0
    }
  },
  "(model)shuttle_button": {
    "pos": {
      "x": -20.1185474,
      "y": 2.48946762,
      "z": 22.1810951
    },
    "rot": {
      "x": 0.0,
      "y": 0.0,
      "z": 0.0
    }
  },
  "REFILL_HITBOX": {
    "pos": {
      "x": -70.8331757,
      "y": 3.95949984,
      "z": 19.5447979
    },
    "rot": {
      "x": 0.0,
      "y": 252.03447,
      "z": 0.0
    }
  },
  "Fuel-Deposit": {
    "pos": {
      "x": -59.9778,
      "y": 3.532402,
      "z": 2.11920166
    },
    "rot": {
      "x": -1.68295094E-06,
      "y": -2.887791E-07,
      "z": 19.47323
    }
  },
  "Reflector_INPUT": {
    "pos": {
      "x": -51.2842,
      "y": 3.867,
      "z": 39.8706436
    },
    "rot": {
      "x": 0.0,
      "y": 89.99999,
      "z": 0.0
    }
  },
  "RoomAKey": {
    "pos": {
      "x": -78.005,
      "y": 3.846,
      "z": 22.973
    },
    "rot": {
      "x": 350.944244,
      "y": 355.6451,
      "z": 295.819458
    }
  },
  "Reflector_PICKUP2": {
    "pos": {
      "x": -66.6022644,
      "y": 2.81686926,
      "z": 47.84056
    },
    "rot": {
      "x": 322.243622,
      "y": 54.3445,
      "z": 1.51182721E-05
    }
  },
  "DoorBlockingGoop": {
    "pos": {
      "x": -77.39,
      "y": 4.13,
      "z": 26.03
    },
    "rot": {
      "x": 0.0,
      "y": 4.87425041,
      "z": 0.0
    }
  },
  "powerLevel": 0,
  "Reflector_PICKUP1": {
    "pos": {
      "x": -52.3167839,
      "y": 2.81686878,
      "z": 39.8172226
    },
    "rot": {
      "x": 321.776367,
      "y": 45.3213654,
      "z": 4.34710673E-05
    }
  },
  "FuelCell_needs_charging": {
    "pos": {
      "x": -55.6710052,
      "y": 3.9866004,
      "z": 39.0893936
    },
    "rot": {
      "x": 0.007298871,
      "y": 359.8946,
      "z": 3.96178031
    }
  },
  "JournalEntry4": {
    "pos": {
      "x": -59.63,
      "y": 3.89,
      "z": 22.92
    },
    "rot": {
      "x": 0.0,
      "y": 0.0,
      "z": 0.0
    }
  },
  "JournalEntry2": {
    "pos": {
      "x": -59.63,
      "y": 3.89,
      "z": 22.92
    },
    "rot": {
      "x": 0.0,
      "y": 0.0,
      "z": 0.0
    }
  },
  "JournalEntry5": {
    "pos": {
      "x": -59.63,
      "y": 3.89,
      "z": 22.92
    },
    "rot": {
      "x": 0.0,
      "y": 0.0,
      "z": 0.0
    }
  },
  "JournalEntry1": {
    "pos": {
      "x": -59.63,
      "y": 3.89,
      "z": 22.92
    },
    "rot": {
      "x": 0.0,
      "y": 0.0,
      "z": 0.0
    }
  },
  "FileCabinetDrawer": {
    "pos": {
      "x": -51.618,
      "y": 3.442,
      "z": 3.537
    },
    "rot": {
      "x": 0.0,
      "y": 0.0,
      "z": 0.0
    }
  },
  "GoopedDoorAudio": {
    "pos": {
      "x": -78.26,
      "y": 3.89,
      "z": 23.552
    },
    "rot": {
      "x": 0.0,
      "y": 0.0,
      "z": 0.0
    }
  },
  "JournalEntry3": {
    "pos": {
      "x": -59.63,
      "y": 3.89,
      "z": 22.92
    },
    "rot": {
      "x": 0.0,
      "y": 0.0,
      "z": 0.0
    }
  },
  "FuelCellB": {
    "pos": {
      "x": -75.79265,
      "y": 3.1392746,
      "z": 35.14164
    },
    "rot": {
      "x": 270.0,
      "y": 16.0451622,
      "z": 0.0
    }
  },
  "FuelCellC": {
    "pos": {
      "x": -56.175,
      "y": 3.973999,
      "z": 39.1010056
    },
    "rot": {
      "x": 0.0,
      "y": 0.0,
      "z": 0.0
    }
  },
  "Alien": {
    "pos": {
      "x": -64.82147,
      "y": 2.66271782,
      "z": 22.7805176
    },
    "rot": {
      "x": 0.0,
      "y": 89.9803162,
      "z": 0.0
    }
  },
  "FuelCellA": {
    "pos": {
      "x": -61.06,
      "y": 3.409,
      "z": 2.302
    },
    "rot": {
      "x": 0.0,
      "y": 90.0,
      "z": 90.0
    }
  },
  "saveAtCheckpoint": false
}